SNS Platform,Framing,Appeal,Model,Product,Season,CTR
Instagram,Positive,Rational,Character,Procedure,Non-Season,0.029643026
Instagram,Positive,Emotional,Ordinary,Procedure,Non-Season,0.027157062
Facebook,Positive,Emotional,Ordinary,Procedure,Non-Season,0.015993638
Instagram,Positive,Emotional,Ordinary,Procedure,Non-Season,0.015020653
Facebook,Positive,Emotional,Ordinary,Procedure,Non-Season,0.016605378
Instagram,Positive,Emotional,Ordinary,Procedure,Non-Season,0.010796152
Facebook,Positive,Emotional,Ordinary,Procedure,Non-Season,0.010637712
Instagram,Positive,Rational,Ordinary,Procedure,Non-Season,0.016455017
Instagram,Positive,Rational,Ordinary,Procedure,Non-Season,0.008988649
Instagram,Positive,Rational,Profession,Procedure,Non-Season,0.026511019
Facebook,Positive,Rational,Profession,Procedure,Non-Season,0.015457078
Instagram,Positive,Rational,Ordinary,Procedure,Non-Season,0.016157205
Facebook,Positive,Rational,Ordinary,Procedure,Non-Season,0.010294806
Instagram,Negative,Emotional,Ordinary,Procedure,Non-Season,0.071090594
Instagram,Positive,Emotional,Ordinary,Procedure,Non-Season,0.032374101
Instagram,Positive,Rational,Ordinary,Procedure,Non-Season,0.011341416
Instagram,Positive,Rational,Ordinary,Procedure,Non-Season,0.013250195
Instagram,Positive,Emotional,Ordinary,Procedure,Non-Season,0.008701958
Facebook,Positive,Emotional,Ordinary,Procedure,Non-Season,0.010459588
Instagram,Positive,Rational,Character,Procedure,Non-Season,0.018937644
Facebook,Positive,Rational,Character,Procedure,Non-Season,0.012246821
Instagram,Negative,Emotional,Character,Procedure,Non-Season,0.019422395
Instagram,Positive,Rational,Character,Procedure,Non-Season,0.019520357
Instagram,Positive,Rational,Character,Procedure,Non-Season,0.018841418
Facebook,Positive,Rational,Ordinary,Procedure,Non-Season,0.008716707
Instagram,Positive,Emotional,Ordinary,Procedure,Non-Season,0.010209042
Facebook,Positive,Emotional,Ordinary,Procedure,Non-Season,0.008536065
Instagram,Negative,Emotional,Ordinary,Procedure,Non-Season,0.023403218
Facebook,Negative,Emotional,Ordinary,Procedure,Non-Season,0.009838147
Instagram,Positive,Rational,Ordinary,Procedure,Non-Season,0.01845958
Facebook,Positive,Rational,Ordinary,Procedure,Non-Season,0.008282476
Instagram,Positive,Rational,Ordinary,Procedure,Non-Season,0.028215768
Facebook,Positive,Rational,Ordinary,Procedure,Non-Season,0.013456686
Instagram,Negative,Emotional,Ordinary,Procedure,Non-Season,0.071083591
Instagram,Positive,Emotional,Ordinary,Procedure,Non-Season,0.065195835
Instagram,Negative,Emotional,Ordinary,Procedure,Non-Season,0.055480743
Instagram,Negative,Emotional,Ordinary,Procedure,Non-Season,0.054636137
Facebook,Positive,Rational,Ordinary,Procedure,Non-Season,0.026567164
Instagram,Positive,Emotional,Character,Procedure,Non-Season,0.037037037
Facebook,Positive,Emotional,Character,Procedure,Non-Season,0.035213369
Instagram,Positive,Rational,Character,Procedure,Non-Season,0.029146794
Facebook,Positive,Rational,Character,Procedure,Non-Season,0.055673383
Instagram,Positive,Emotional,Ordinary,Procedure,Non-Season,0.049436253
Facebook,Positive,Emotional,Ordinary,Procedure,Non-Season,0.036956992
Instagram,Positive,Emotional,Character,Procedure,Non-Season,0.031376697
Facebook,Positive,Emotional,Character,Procedure,Non-Season,0.02343426
Instagram,Positive,Rational,Character,Procedure,Non-Season,0.033835362
Facebook,Positive,Rational,Character,Procedure,Non-Season,0.032971929
Instagram,Positive,Rational,Ordinary,Suction,Non-Season,0.002608696
Instagram,Positive,Emotional,Ordinary,Suction,Non-Season,0.008221686
Instagram,Positive,Rational,Profession,Suction,Non-Season,0.009004546
Instagram,Positive,Rational,Profession,Suction,Non-Season,0.009338883
Instagram,Positive,Emotional,Ordinary,Suction,Non-Season,0.012134725
Instagram,Positive,Emotional,Ordinary,Suction,Non-Season,0.015024748
Facebook,Positive,Emotional,Ordinary,Suction,Non-Season,0.023303216
Instagram,Positive,Emotional,Character,Suction,Non-Season,0.00278607
Instagram,Negative,Emotional,Character,Suction,Non-Season,0.005428078
Instagram,Positive,Rational,Ordinary,Suction,Non-Season,0.023479189
Instagram,Positive,Rational,Ordinary,Suction,Non-Season,0.063903282
Instagram,Positive,Emotional,Ordinary,Suction,Non-Season,0.013788022
Instagram,Positive,Emotional,Ordinary,Suction,Non-Season,0.013403782
Instagram,Positive,Rational,Ordinary,Procedure,Non-Season,0.02590623
Instagram,Positive,Emotional,Ordinary,Suction,Non-Season,0.012046143
Facebook,Positive,Rational,Character,Suction,Non-Season,0.006912504
Instagram,Positive,Rational,Character,Suction,Non-Season,0.016380397
Instagram,Positive,Rational,Profession,Suction,Non-Season,0.013649807
Instagram,Positive,Emotional,Ordinary,Suction,Non-Season,0.012461403
Instagram,Positive,Rational,Ordinary,Procedure,Non-Season,0.008534172
Instagram,Positive,Rational,Character,Suction,Non-Season,0.009138065
Facebook,Positive,Rational,Ordinary,Suction,Non-Season,0.006825233
Instagram,Positive,Rational,Ordinary,Suction,Non-Season,0.004178538
Facebook,Positive,Rational,Ordinary,Suction,Non-Season,0.004878049
Instagram,Positive,Rational,Ordinary,Suction,Non-Season,0.037914692
Facebook,Positive,Rational,Ordinary,Procedure,Non-Season,0.008983829
Instagram,Positive,Rational,Ordinary,Procedure,Non-Season,0.032870321
Facebook,Positive,Rational,Ordinary,Procedure,Non-Season,0.004719042
Instagram,Positive,Rational,Ordinary,Procedure,Non-Season,0.024212852
Facebook,Positive,Rational,Ordinary,Suction,Non-Season,0.008583183
Instagram,Positive,Rational,Ordinary,Suction,Non-Season,0.045399724
Instagram,Positive,Rational,Character,Procedure,Non-Season,0.024240706
Instagram,Positive,Rational,Profession,Procedure,Non-Season,0.014031041
Instagram,Positive,Emotional,Ordinary,Procedure,Non-Season,0.019025848
Facebook,Positive,Emotional,Ordinary,Procedure,Non-Season,0.013063451
Instagram,Positive,Emotional,Ordinary,Procedure,Non-Season,0.015124255
Facebook,Positive,Emotional,Ordinary,Procedure,Non-Season,0.013996545
Instagram,Positive,Emotional,Ordinary,Procedure,Non-Season,0.011770045
Facebook,Positive,Emotional,Ordinary,Procedure,Non-Season,0.010446062
Instagram,Positive,Rational,Ordinary,Procedure,Non-Season,0.018485467
Instagram,Positive,Rational,Ordinary,Procedure,Non-Season,0.012867349
Instagram,Positive,Rational,Profession,Procedure,Non-Season,0.021754357
Facebook,Positive,Rational,Profession,Procedure,Non-Season,0.015004114
Instagram,Positive,Rational,Ordinary,Procedure,Non-Season,0.009888344
Facebook,Positive,Rational,Ordinary,Procedure,Non-Season,0.0135837
Instagram,Negative,Emotional,Ordinary,Procedure,Non-Season,0.047119518
Facebook,Negative,Emotional,Ordinary,Procedure,Non-Season,0.020576132
Instagram,Negative,Emotional,Ordinary,Procedure,Non-Season,0.02407751
Facebook,Negative,Emotional,Ordinary,Procedure,Non-Season,0.012166272
Instagram,Negative,Emotional,Ordinary,Procedure,Non-Season,0.028274668
Facebook,Negative,Emotional,Ordinary,Procedure,Non-Season,0.010214061
Instagram,Positive,Emotional,Ordinary,Procedure,Non-Season,0.044456805
Facebook,Positive,Emotional,Ordinary,Procedure,Non-Season,0.015138772
Instagram,Positive,Emotional,Ordinary,Procedure,Non-Season,0.037735849
Facebook,Positive,Emotional,Ordinary,Procedure,Non-Season,0.013888889
Instagram,Positive,Rational,Ordinary,Procedure,Non-Season,0.011108867
Instagram,Positive,Emotional,Ordinary,Procedure,Non-Season,0.015633211
Facebook,Positive,Rational,Ordinary,Procedure,Non-Season,0.012824249
Instagram,Positive,Rational,Ordinary,Procedure,Non-Season,0.014863749
Facebook,Positive,Rational,Ordinary,Procedure,Non-Season,0.016340248
Instagram,Positive,Rational,Ordinary,Procedure,Non-Season,0.02200229
Instagram,Positive,Rational,Character,Procedure,Non-Season,0.020147086
Facebook,Positive,Rational,Character,Procedure,Non-Season,0.010104052
Instagram,Negative,Emotional,Character,Procedure,Non-Season,0.025750441
Facebook,Negative,Emotional,Character,Procedure,Non-Season,0.016895953
Instagram,Positive,Rational,Character,Procedure,Non-Season,0.040930812
Facebook,Positive,Rational,Character,Procedure,Non-Season,0.030085687
Instagram,Positive,Rational,Character,Procedure,Non-Season,0.025973254
Facebook,Positive,Rational,Character,Procedure,Non-Season,0.023180459
Instagram,Positive,Rational,Ordinary,Suction,Non-Season,0.018802954
Facebook,Positive,Emotional,Ordinary,Suction,Non-Season,0.009613673
Instagram,Positive,Emotional,Ordinary,Suction,Non-Season,0.016031458
Instagram,Positive,Rational,Profession,Suction,Non-Season,0.017720586
Instagram,Positive,Rational,Profession,Suction,Non-Season,0.012950009
Instagram,Positive,Emotional,Ordinary,Suction,Non-Season,0.016662354
Facebook,Positive,Emotional,Ordinary,Suction,Non-Season,0.027756939
Instagram,Positive,Emotional,Ordinary,Suction,Non-Season,0.0338676
Instagram,Positive,Emotional,Ordinary,Suction,Non-Season,0.008916002
Instagram,Positive,Rational,Ordinary,Suction,Non-Season,0.021466688
Instagram,Positive,Emotional,Ordinary,Suction,Non-Season,0.013765076
Instagram,Positive,Rational,Ordinary,Suction,Non-Season,0.02938823
Instagram,Positive,Emotional,Character,Suction,Non-Season,0.014633546
Instagram,Negative,Emotional,Character,Suction,Non-Season,0.012264433
Instagram,Positive,Rational,Ordinary,Procedure,Non-Season,0.03710322
Instagram,Positive,Emotional,Ordinary,Suction,Non-Season,0.020072539
Facebook,Positive,Rational,Character,Suction,Non-Season,0.00593456
Instagram,Positive,Rational,Character,Suction,Non-Season,0.016623394
Instagram,Positive,Rational,Profession,Suction,Non-Season,0.011654237
Instagram,Positive,Rational,Character,Suction,Non-Season,0.012566322
Instagram,Negative,Emotional,Character,Procedure,Non-Season,0.030760626
Instagram,Positive,Emotional,Ordinary,Suction,Non-Season,0.008948952
Instagram,Positive,Rational,Character,Suction,Non-Season,0.008496128
Instagram,Positive,Rational,Character,Suction,Non-Season,0.028323732
Instagram,Negative,Rational,Character,Suction,Non-Season,0.039449706
Instagram,Positive,Rational,Profession,Suction,Non-Season,0.011422444
Instagram,Positive,Rational,Ordinary,Suction,Non-Season,0.016634299
Instagram,Positive,Rational,Ordinary,Suction,Non-Season,0.017766305
Facebook,Positive,Rational,Profession,Suction,Non-Season,0.008502126
Instagram,Positive,Rational,Profession,Suction,Non-Season,0.025093834
Facebook,Positive,Emotional,Ordinary,Suction,Non-Season,0.029574861
Instagram,Positive,Emotional,Ordinary,Suction,Non-Season,0.014196306
Facebook,Positive,Emotional,Ordinary,Procedure,Non-Season,0.004355324
Instagram,Positive,Emotional,Ordinary,Procedure,Non-Season,0.001123528
Facebook,Positive,Emotional,Ordinary,Procedure,Non-Season,0.005717935
Instagram,Positive,Emotional,Ordinary,Procedure,Non-Season,0.001431778
Instagram,Positive,Rational,Character,Procedure,Non-Season,0.019352548
Facebook,Positive,Rational,Character,Procedure,Non-Season,0.021105453
Instagram,Positive,Rational,Ordinary,Procedure,Non-Season,0.015902115
Instagram,Positive,Rational,Ordinary,Procedure,Non-Season,0.016649195
Facebook,Positive,Rational,Ordinary,Procedure,Non-Season,0.007100345
Instagram,Positive,Rational,Profession,Procedure,Non-Season,0.016057342
Facebook,Positive,Rational,Profession,Procedure,Non-Season,0.009714984
Instagram,Positive,Rational,Profession,Procedure,Non-Season,0.01772124
Facebook,Positive,Rational,Profession,Procedure,Non-Season,0.014607963
Instagram,Positive,Rational,Ordinary,Procedure,Non-Season,0.013343903
Facebook,Positive,Rational,Ordinary,Procedure,Non-Season,0.012496732
Instagram,Positive,Rational,Ordinary,Procedure,Non-Season,0.018452296
Facebook,Positive,Rational,Ordinary,Procedure,Non-Season,0.011008111
Instagram,Positive,Rational,Ordinary,Procedure,Non-Season,0.024954032
Facebook,Positive,Rational,Ordinary,Procedure,Non-Season,0.01430303
Instagram,Positive,Rational,Ordinary,Procedure,Non-Season,0.018800169
Facebook,Positive,Rational,Ordinary,Procedure,Non-Season,0.005282271
Instagram,Positive,Rational,Ordinary,Procedure,Non-Season,0.019032822
Facebook,Positive,Rational,Ordinary,Procedure,Non-Season,0.016584767
Instagram,Positive,Rational,Ordinary,Procedure,Non-Season,0.016753115
Instagram,Positive,Emotional,Ordinary,Procedure,Non-Season,0.033623359
Instagram,Positive,Rational,Ordinary,Procedure,Non-Season,0.015980959
Facebook,Positive,Rational,Ordinary,Procedure,Non-Season,0.019379845
Instagram,Positive,Rational,Ordinary,Procedure,Non-Season,0.012470309
Facebook,Positive,Rational,Ordinary,Procedure,Non-Season,0.012
Facebook,Positive,Emotional,Ordinary,Procedure,Non-Season,0.010570502
Instagram,Positive,Emotional,Ordinary,Procedure,Non-Season,0.022198276
Facebook,Positive,Emotional,Ordinary,Procedure,Non-Season,0.012572121
Instagram,Positive,Emotional,Ordinary,Procedure,Non-Season,0.024676724
Facebook,Positive,Emotional,Ordinary,Procedure,Non-Season,0.009904578
Instagram,Positive,Emotional,Ordinary,Procedure,Non-Season,0.011466112
Instagram,Positive,Rational,Character,Procedure,Non-Season,0.01449436
Facebook,Positive,Rational,Character,Procedure,Non-Season,0.007666462
Instagram,Negative,Emotional,Character,Procedure,Non-Season,0.020014932
Facebook,Negative,Emotional,Character,Procedure,Non-Season,0.013951711
Instagram,Positive,Emotional,Ordinary,Procedure,Non-Season,0.0076591
Facebook,Positive,Emotional,Ordinary,Procedure,Non-Season,0.008364701
Instagram,Positive,Emotional,Ordinary,Procedure,Non-Season,0.005664327
Facebook,Positive,Emotional,Ordinary,Procedure,Non-Season,0.008140008
Instagram,Positive,Rational,Character,Procedure,Non-Season,0.029247312
Facebook,Positive,Rational,Character,Procedure,Non-Season,0.027309237
Instagram,Positive,Rational,Character,Procedure,Non-Season,0.016192404
Facebook,Positive,Rational,Character,Procedure,Non-Season,0.015419162
Instagram,Positive,Rational,Ordinary,Suction,Non-Season,0.017851847
Facebook,Positive,Emotional,Ordinary,Suction,Non-Season,0.01207647
Instagram,Positive,Emotional,Ordinary,Suction,Non-Season,0.012394022
Facebook,Positive,Rational,Profession,Suction,Non-Season,0.011594962
Instagram,Positive,Rational,Profession,Suction,Non-Season,0.01480322
Instagram,Positive,Rational,Profession,Suction,Non-Season,0.01322888
Instagram,Positive,Emotional,Ordinary,Suction,Non-Season,0.01490726
Facebook,Positive,Emotional,Ordinary,Suction,Non-Season,0.028661973
Instagram,Positive,Emotional,Ordinary,Suction,Non-Season,0.024907797
Instagram,Positive,Rational,Ordinary,Suction,Non-Season,0.022803224
Instagram,Positive,Rational,Ordinary,Suction,Non-Season,0.013325468
Instagram,Positive,Emotional,Ordinary,Suction,Non-Season,0.01013126
Instagram,Positive,Rational,Ordinary,Suction,Non-Season,0.020640605
Instagram,Positive,Rational,Ordinary,Procedure,Non-Season,0.041924935
Instagram,Positive,Emotional,Ordinary,Suction,Non-Season,0.025503848
Facebook,Positive,Rational,Character,Suction,Non-Season,0.006098599
Instagram,Positive,Rational,Character,Suction,Non-Season,0.016495095
Instagram,Positive,Rational,Profession,Suction,Non-Season,0.006391727
Instagram,Positive,Rational,Profession,Suction,Non-Season,0.002179635
Instagram,Positive,Rational,Character,Suction,Non-Season,0.012371952
Instagram,Negative,Emotional,Character,Procedure,Non-Season,0.016661944
Instagram,Negative,Emotional,Ordinary,Suction,Non-Season,0.00293071
Instagram,Positive,Emotional,Ordinary,Suction,Non-Season,0.011690647
Instagram,Positive,Rational,Character,Suction,Non-Season,0.014807791
Instagram,Positive,Rational,Profession,Suction,Non-Season,0.016803631
Instagram,Positive,Rational,Ordinary,Suction,Non-Season,0.02666201
Instagram,Positive,Rational,Ordinary,Suction,Non-Season,0.019573268
Facebook,Positive,Rational,Ordinary,Suction,Non-Season,0.029905471
Instagram,Positive,Rational,Ordinary,Suction,Non-Season,0.008476821
Facebook,Positive,Emotional,Ordinary,Suction,Non-Season,0.036485528
Instagram,Positive,Emotional,Ordinary,Suction,Non-Season,0.012236158
Facebook,Positive,Rational,Ordinary,Suction,Non-Season,0.020602046
Instagram,Positive,Rational,Ordinary,Suction,Non-Season,0.009055408
Facebook,Positive,Emotional,Ordinary,Suction,Non-Season,0.020043505
Instagram,Positive,Emotional,Ordinary,Suction,Non-Season,0.011939556
Instagram,Positive,Rational,Character,Procedure,Non-Season,0.017868941
Facebook,Positive,Rational,Character,Procedure,Non-Season,0.015566251
Instagram,Positive,Rational,Ordinary,Procedure,Non-Season,0.016035036
Instagram,Positive,Rational,Ordinary,Procedure,Non-Season,0.019070382
Facebook,Positive,Rational,Ordinary,Procedure,Non-Season,0.011876485
Instagram,Positive,Rational,Profession,Procedure,Non-Season,0.013608247
Facebook,Positive,Rational,Profession,Procedure,Non-Season,0.010380267
Instagram,Positive,Emotional,Character,Procedure,Non-Season,0.036401925
Instagram,Positive,Rational,Profession,Procedure,Non-Season,0.016818731
Facebook,Positive,Rational,Profession,Procedure,Non-Season,0.014452494
Facebook,Positive,Rational,Ordinary,Procedure,Non-Season,0.009955556
Instagram,Positive,Rational,Ordinary,Procedure,Non-Season,0.006835938
Instagram,Positive,Emotional,Ordinary,Procedure,Non-Season,0.028308097
Facebook,Positive,Emotional,Ordinary,Procedure,Non-Season,0.013672943
Instagram,Positive,Emotional,Ordinary,Procedure,Non-Season,0.024616836
Facebook,Positive,Emotional,Ordinary,Procedure,Non-Season,0.015519087
Instagram,Positive,Emotional,Ordinary,Procedure,Non-Season,0.025041264
Facebook,Positive,Emotional,Ordinary,Procedure,Non-Season,0.011674273
Instagram,Positive,Emotional,Ordinary,Procedure,Non-Season,0.01333689
Instagram,Positive,Rational,Ordinary,Procedure,Non-Season,0.0119087
Instagram,Positive,Rational,Character,Procedure,Non-Season,0.017095487
Facebook,Positive,Rational,Character,Procedure,Non-Season,0.008031116
Instagram,Negative,Emotional,Character,Procedure,Non-Season,0.02135217
Facebook,Negative,Emotional,Character,Procedure,Non-Season,0.012801991
Instagram,Positive,Emotional,Profession,Suction,Non-Season,0.004047047
Instagram,Positive,Rational,Ordinary,Suction,Non-Season,0.012337486
Facebook,Positive,Rational,Profession,Suction,Non-Season,0.011777488
Instagram,Positive,Rational,Profession,Suction,Non-Season,0.014689815
Instagram,Positive,Emotional,Ordinary,Suction,Non-Season,0.020051398
Facebook,Positive,Emotional,Ordinary,Suction,Non-Season,0.030700642
Instagram,Positive,Emotional,Ordinary,Suction,Non-Season,0.026996718
Instagram,Positive,Rational,Ordinary,Suction,Non-Season,0.012130706
Instagram,Positive,Emotional,Ordinary,Suction,Non-Season,0.011017868
Instagram,Positive,Rational,Character,Procedure,Non-Season,0.020603845
Facebook,Positive,Rational,Character,Procedure,Non-Season,0.018768191
Instagram,Positive,Rational,Ordinary,Procedure,Non-Season,0.016692587
Instagram,Positive,Rational,Ordinary,Procedure,Non-Season,0.015418714
Facebook,Positive,Rational,Ordinary,Procedure,Non-Season,0.010170801
Instagram,Positive,Rational,Profession,Procedure,Non-Season,0.016082161
Facebook,Positive,Rational,Profession,Procedure,Non-Season,0.012898498
Instagram,Positive,Emotional,Character,Procedure,Non-Season,0.043311907
Facebook,Positive,Emotional,Character,Procedure,Non-Season,0.0224429
Instagram,Positive,Rational,Profession,Procedure,Non-Season,0.017673437
Facebook,Positive,Rational,Profession,Procedure,Non-Season,0.012514805
Facebook,Positive,Rational,Ordinary,Procedure,Non-Season,0.010526316
Instagram,Positive,Rational,Ordinary,Procedure,Non-Season,0.010490401
Facebook,Positive,Emotional,Ordinary,Procedure,Non-Season,0.015458422
Instagram,Positive,Emotional,Ordinary,Procedure,Non-Season,0.014885153
Facebook,Positive,Rational,Ordinary,Procedure,Non-Season,0.027052833
Instagram,Positive,Rational,Ordinary,Procedure,Non-Season,0.050973891
Facebook,Positive,Rational,Ordinary,Procedure,Non-Season,0.020070838
Instagram,Positive,Rational,Ordinary,Procedure,Non-Season,0.03071098
Facebook,Positive,Rational,Character,Procedure,Non-Season,0.016337386
Instagram,Positive,Rational,Character,Procedure,Non-Season,0.022776968
Instagram,Positive,Rational,Ordinary,Procedure,Non-Season,0.010190895
Instagram,Negative,Emotional,Character,Procedure,Non-Season,0.008434998
Instagram,Negative,Emotional,Character,Procedure,Non-Season,0.00705985
Instagram,Positive,Emotional,Ordinary,Suction,Non-Season,0.016698
Facebook,Positive,Emotional,Ordinary,Suction,Non-Season,0.028544779
Instagram,Positive,Emotional,Ordinary,Suction,Non-Season,0.030419667
Facebook,Positive,Emotional,Profession,Suction,Non-Season,0.004907079
Instagram,Positive,Emotional,Profession,Suction,Non-Season,0.003200024
Facebook,Positive,Rational,Ordinary,Suction,Non-Season,0.010889774
Instagram,Positive,Rational,Ordinary,Suction,Non-Season,0.016251026
Instagram,Positive,Rational,Ordinary,Suction,Non-Season,0.028431506
Instagram,Positive,Rational,Ordinary,Suction,Non-Season,0.014188598
Instagram,Positive,Rational,Ordinary,Suction,Non-Season,0.015847861
Instagram,Positive,Emotional,Ordinary,Suction,Non-Season,0.012898437
Instagram,Positive,Emotional,Ordinary,Suction,Non-Season,0.01496366
Instagram,Positive,Rational,Character,Procedure,Season,0.023451559
Facebook,Positive,Rational,Character,Procedure,Season,0.019357699
Instagram,Positive,Rational,Ordinary,Procedure,Season,0.020454092
Instagram,Positive,Emotional,Ordinary,Procedure,Season,0.031345399
Facebook,Positive,Emotional,Ordinary,Procedure,Season,0.013970313
Instagram,Positive,Emotional,Ordinary,Procedure,Season,0.019978755
Instagram,Positive,Rational,Ordinary,Procedure,Season,0.014854056
Facebook,Positive,Rational,Ordinary,Procedure,Season,0.012192128
Instagram,Positive,Rational,Profession,Procedure,Season,0.017561136
Facebook,Positive,Rational,Profession,Procedure,Season,0.016930553
Instagram,Positive,Emotional,Character,Procedure,Season,0.028183449
Facebook,Positive,Emotional,Character,Procedure,Season,0.018841526
Facebook,Positive,Rational,Ordinary,Procedure,Season,0.012256625
Instagram,Positive,Emotional,Ordinary,Procedure,Season,0.01576323
Facebook,Positive,Emotional,Ordinary,Procedure,Season,0.012443594
Instagram,Positive,Rational,Ordinary,Procedure,Season,0.020106276
Instagram,Negative,Emotional,Character,Procedure,Season,0.119504494
Instagram,Negative,Emotional,Character,Procedure,Season,0.00496907
Instagram,Positive,Emotional,Ordinary,Suction,Season,0.018963224
Facebook,Positive,Emotional,Ordinary,Suction,Season,0.034887733
Instagram,Positive,Emotional,Ordinary,Suction,Season,0.038288334
Instagram,Positive,Emotional,Ordinary,Suction,Season,0.024349697
Facebook,Positive,Emotional,Ordinary,Suction,Season,0.018083367
Instagram,Positive,Emotional,Ordinary,Suction,Season,0.038851096
Instagram,Positive,Emotional,Ordinary,Suction,Season,0.016190661
Instagram,Positive,Emotional,Ordinary,Suction,Season,0.016248326
Facebook,Positive,Emotional,Profession,Suction,Season,0.004644682
Instagram,Positive,Emotional,Profession,Suction,Season,0.01017501
Facebook,Positive,Rational,Ordinary,Suction,Season,0.010628645
Instagram,Positive,Rational,Ordinary,Suction,Season,0.026868368
Facebook,Positive,Rational,Ordinary,Suction,Season,0.009323422
Instagram,Positive,Rational,Ordinary,Suction,Season,0.026531118
Instagram,Positive,Rational,Ordinary,Suction,Season,0.014408113
Instagram,Positive,Emotional,Ordinary,Suction,Season,0.008491727
Instagram,Positive,Rational,Ordinary,Procedure,Season,0.027246848
Instagram,Positive,Emotional,Ordinary,Procedure,Season,0.026850159
Facebook,Positive,Emotional,Ordinary,Procedure,Season,0.016456528
Instagram,Positive,Emotional,Ordinary,Procedure,Season,0.019171005
Instagram,Positive,Emotional,Character,Procedure,Season,0.010415239
Facebook,Positive,Emotional,Character,Procedure,Season,0.009035267
Instagram,Positive,Emotional,Character,Procedure,Season,0.006114508
Facebook,Positive,Emotional,Character,Procedure,Season,0.005983166
Facebook,Positive,Rational,Ordinary,Procedure,Season,0.01011378
Instagram,Positive,Rational,Ordinary,Procedure,Season,0.010200927
Instagram,Positive,Emotional,Ordinary,Procedure,Season,0.005872823
Instagram,Negative,Emotional,Character,Procedure,Season,0.02819565
Instagram,Negative,Emotional,Character,Procedure,Season,0.004755073
Instagram,Positive,Rational,Ordinary,Procedure,Season,0.03062922
Facebook,Positive,Rational,Ordinary,Procedure,Season,0.005815781
Instagram,Positive,Rational,Character,Procedure,Season,0.012668778
Facebook,Positive,Rational,Character,Procedure,Season,0.009941193
Facebook,Positive,Rational,Ordinary,Procedure,Season,0.00442166
Instagram,Positive,Rational,Ordinary,Procedure,Season,0.016773733
Facebook,Positive,Rational,Ordinary,Procedure,Season,0.005570118
Instagram,Positive,Rational,Ordinary,Procedure,Season,0.017689016
Facebook,Positive,Emotional,Character,Procedure,Season,0.010454816
Instagram,Positive,Emotional,Character,Procedure,Season,0.029782594
Instagram,Positive,Emotional,Ordinary,Suction,Season,0.019753385
Facebook,Positive,Emotional,Ordinary,Suction,Season,0.02806379
Instagram,Positive,Emotional,Ordinary,Suction,Season,0.039115402
Instagram,Positive,Emotional,Ordinary,Suction,Season,0.022109679
Facebook,Positive,Emotional,Ordinary,Suction,Season,0.013501883
Instagram,Positive,Emotional,Ordinary,Suction,Season,0.034200036
Instagram,Positive,Emotional,Ordinary,Suction,Season,0.01591942
Instagram,Positive,Emotional,Ordinary,Suction,Season,0.014638762
Instagram,Positive,Emotional,Ordinary,Suction,Season,0.009994515
Instagram,Positive,Rational,Ordinary,Suction,Season,0.012543232
Instagram,Positive,Emotional,Ordinary,Suction,Season,0.009757164
Facebook,Positive,Emotional,Ordinary,Suction,Season,0.003815674
Instagram,Positive,Emotional,Ordinary,Suction,Season,0.007385664
Facebook,Positive,Rational,Ordinary,Suction,Season,0.005418347
Instagram,Positive,Rational,Ordinary,Suction,Season,0.006421483
Instagram,Positive,Emotional,Ordinary,Procedure,Season,0.027115493
Facebook,Positive,Emotional,Ordinary,Procedure,Season,0.017298883
Instagram,Positive,Emotional,Ordinary,Procedure,Season,0.021123629
Instagram,Positive,Rational,Ordinary,Procedure,Season,0.031251338
Facebook,Positive,Rational,Ordinary,Procedure,Season,0.016822302
Facebook,Positive,Rational,Ordinary,Procedure,Season,0.013782468
Instagram,Positive,Rational,Ordinary,Procedure,Season,0.008248667
Facebook,Positive,Rational,Ordinary,Procedure,Season,0.004540732
Instagram,Positive,Emotional,Ordinary,Procedure,Season,0.00811527
Facebook,Positive,Emotional,Ordinary,Procedure,Season,0.002612956
Instagram,Negative,Emotional,Character,Procedure,Season,0.017275521
Facebook,Negative,Emotional,Character,Procedure,Season,0.00521251
Instagram,Negative,Emotional,Character,Procedure,Season,0.008155417
Facebook,Negative,Emotional,Character,Procedure,Season,0.018649815
Facebook,Positive,Rational,Ordinary,Procedure,Season,0.005493193
Instagram,Positive,Rational,Ordinary,Procedure,Season,0.022279036
Facebook,Positive,Rational,Ordinary,Procedure,Season,0.017673716
Instagram,Positive,Rational,Ordinary,Procedure,Season,0.057562768
Facebook,Positive,Rational,Character,Procedure,Season,0.007729469
Instagram,Positive,Rational,Character,Procedure,Season,0.008801341
Facebook,Positive,Rational,Character,Procedure,Season,0.019972587
Instagram,Positive,Rational,Character,Procedure,Season,0.047657512
Facebook,Positive,Rational,Ordinary,Procedure,Season,0.013632525
Instagram,Positive,Rational,Ordinary,Procedure,Season,0.047507178
Facebook,Positive,Emotional,Ordinary,Suction,Season,0.028673835
Instagram,Positive,Emotional,Ordinary,Suction,Season,0.021543701
Facebook,Positive,Emotional,Ordinary,Suction,Season,0.028147499
Instagram,Positive,Emotional,Ordinary,Suction,Season,0.043413139
Instagram,Positive,Emotional,Ordinary,Suction,Season,0.029848364
Facebook,Positive,Emotional,Ordinary,Suction,Season,0.017362568
Instagram,Positive,Emotional,Ordinary,Suction,Season,0.034084722
Facebook,Positive,Emotional,Ordinary,Suction,Season,0.008246488
Instagram,Positive,Emotional,Ordinary,Suction,Season,0.014992798
Instagram,Positive,Rational,Ordinary,Suction,Season,0.021362405
Instagram,Positive,Emotional,Ordinary,Suction,Season,0.013035758
Instagram,Positive,Rational,Ordinary,Procedure,Season,0.041410002
Instagram,Negative,Emotional,Character,Procedure,Season,0.035732134
Instagram,Positive,Emotional,Ordinary,Procedure,Season,0.02366547
Facebook,Positive,Emotional,Ordinary,Procedure,Season,0.017165482
Instagram,Positive,Emotional,Ordinary,Procedure,Season,0.019949236
Facebook,Positive,Rational,Ordinary,Procedure,Season,0.011017141
Facebook,Positive,Emotional,Ordinary,Procedure,Season,0.011659541
Instagram,Negative,Emotional,Character,Procedure,Season,0.009833865
Instagram,Positive,Emotional,Ordinary,Procedure,Season,0.004146699
Facebook,Positive,Emotional,Ordinary,Procedure,Season,0.004974521
Instagram,Positive,Emotional,Ordinary,Procedure,Season,0.010970464
Facebook,Positive,Emotional,Ordinary,Suction,Season,0.03242574
Instagram,Positive,Emotional,Ordinary,Suction,Season,0.02119395
Facebook,Positive,Emotional,Ordinary,Suction,Season,0.033206626
Instagram,Positive,Emotional,Ordinary,Suction,Season,0.042828888
Instagram,Positive,Emotional,Ordinary,Suction,Season,0.029113263
Facebook,Positive,Emotional,Ordinary,Suction,Season,0.013326169
Instagram,Positive,Emotional,Ordinary,Suction,Season,0.031239412
Facebook,Positive,Emotional,Ordinary,Suction,Season,0.007506159
Instagram,Positive,Emotional,Ordinary,Suction,Season,0.01569916
Instagram,Positive,Rational,Ordinary,Suction,Season,0.015657176
Instagram,Positive,Emotional,Ordinary,Suction,Season,0.015447277
Instagram,Negative,Emotional,Ordinary,Suction,Season,0.01498529
Instagram,Positive,Emotional,Ordinary,Suction,Season,0.019990249
Instagram,Positive,Rational,Character,Suction,Season,0.024759891
Instagram,Positive,Rational,Ordinary,Procedure,Season,0.041795716
Instagram,Negative,Emotional,Character,Procedure,Season,0.029872211
Instagram,Positive,Emotional,Ordinary,Procedure,Season,0.027397979
Facebook,Positive,Emotional,Ordinary,Procedure,Season,0.01831144
Instagram,Positive,Emotional,Ordinary,Procedure,Season,0.023867946
Facebook,Negative,Emotional,Character,Procedure,Season,0.004909366
Instagram,Negative,Emotional,Character,Procedure,Season,0.006713913
Facebook,Negative,Emotional,Character,Procedure,Season,0.008301216
Instagram,Negative,Emotional,Character,Procedure,Season,0.010324773
Facebook,Positive,Emotional,Ordinary,Procedure,Season,0.005632968
Instagram,Positive,Emotional,Ordinary,Procedure,Season,0.005994458
Facebook,Positive,Emotional,Ordinary,Procedure,Season,0.00709767
Instagram,Positive,Emotional,Ordinary,Procedure,Season,0.006830028
Facebook,Positive,Emotional,Ordinary,Procedure,Season,0.011847999
Instagram,Positive,Emotional,Ordinary,Procedure,Season,0.009619238
Instagram,Positive,Emotional,Ordinary,Procedure,Season,0.005312367
Facebook,Positive,Emotional,Ordinary,Suction,Season,0.0357694
Instagram,Positive,Emotional,Ordinary,Suction,Season,0.025131002
Facebook,Positive,Emotional,Ordinary,Suction,Season,0.03789329
Instagram,Positive,Emotional,Ordinary,Suction,Season,0.04171034
Instagram,Positive,Emotional,Ordinary,Suction,Season,0.027430927
Facebook,Positive,Emotional,Ordinary,Suction,Season,0.019062541
Instagram,Positive,Emotional,Ordinary,Suction,Season,0.037166392
Facebook,Positive,Emotional,Ordinary,Suction,Season,0.010085939
Instagram,Positive,Emotional,Ordinary,Suction,Season,0.016964198
Instagram,Positive,Rational,Ordinary,Suction,Season,0.022153384
Instagram,Positive,Emotional,Ordinary,Suction,Season,0.015738285
Instagram,Positive,Emotional,Character,Suction,Season,0.012133285
Instagram,Positive,Emotional,Ordinary,Suction,Season,0.005019608
Instagram,Positive,Rational,Ordinary,Suction,Season,0.005784627
Instagram,Positive,Emotional,Ordinary,Suction,Season,0.006760563
Instagram,Positive,Emotional,Ordinary,Suction,Season,0.030449125
Instagram,Negative,Emotional,Character,Suction,Season,0.015891324
Instagram,Positive,Emotional,Character,Suction,Season,0.018793274
Instagram,Positive,Emotional,Ordinary,Suction,Season,0.022323118
Instagram,Positive,Emotional,Ordinary,Suction,Season,0.015354517
Instagram,Negative,Emotional,Character,Suction,Season,0.008842444
Instagram,Positive,Emotional,Profession,Suction,Season,0.001175433
Instagram,Positive,Emotional,Ordinary,Suction,Season,0.012934519
Instagram,Negative,Rational,Character,Suction,Season,0.013756356
Instagram,Positive,Rational,Ordinary,Suction,Season,0.021497553
Instagram,Negative,Emotional,Ordinary,Suction,Season,0.015695974
Instagram,Positive,Rational,Character,Procedure,Season,0.013770263
Instagram,Positive,Rational,Ordinary,Procedure,Season,0.026311955
Instagram,Negative,Emotional,Character,Procedure,Season,0.032983508
Instagram,Positive,Emotional,Ordinary,Procedure,Season,0.022885938
Facebook,Positive,Emotional,Ordinary,Procedure,Season,0.021109693
Instagram,Positive,Emotional,Ordinary,Procedure,Season,0.017843386
Instagram,Positive,Rational,Ordinary,Procedure,Season,0.016777351
Facebook,Positive,Rational,Ordinary,Procedure,Season,0.019285407
Instagram,Positive,Rational,Ordinary,Procedure,Season,0.026832169
Instagram,Positive,Rational,Ordinary,Procedure,Season,0.010269085
Facebook,Negative,Emotional,Character,Procedure,Season,0.00342246
Instagram,Negative,Emotional,Character,Procedure,Season,0.010725778
Facebook,Negative,Emotional,Character,Procedure,Season,0.012172855
Instagram,Negative,Emotional,Character,Procedure,Season,0.020576132
Facebook,Negative,Emotional,Character,Procedure,Season,0.010744986
Instagram,Negative,Emotional,Character,Procedure,Season,0.005685856
Facebook,Positive,Emotional,Ordinary,Suction,Season,0.038188344
Instagram,Positive,Emotional,Ordinary,Suction,Season,0.026814164
Facebook,Positive,Emotional,Ordinary,Suction,Season,0.040218044
Instagram,Positive,Emotional,Ordinary,Suction,Season,0.04409552
Facebook,Negative,Emotional,Character,Procedure,Season,0.015788809
Instagram,Negative,Emotional,Character,Procedure,Season,0.037247369
Facebook,Positive,Rational,Ordinary,Procedure,Season,0.017720225
Instagram,Positive,Rational,Ordinary,Procedure,Season,0.026432683
Instagram,Positive,Emotional,Ordinary,Suction,Season,0.030831628
Facebook,Positive,Emotional,Ordinary,Suction,Season,0.018353224
Instagram,Positive,Emotional,Ordinary,Suction,Season,0.029780564
Facebook,Positive,Emotional,Ordinary,Suction,Season,0.011021857
Instagram,Positive,Emotional,Ordinary,Suction,Season,0.019984711
Facebook,Positive,Rational,Ordinary,Suction,Season,0.019114836
Instagram,Positive,Rational,Ordinary,Suction,Season,0.016191299
Facebook,Positive,Emotional,Ordinary,Suction,Season,0.014180929
Instagram,Positive,Emotional,Ordinary,Suction,Season,0.014595415
Instagram,Positive,Emotional,Character,Suction,Season,0.008046546
Instagram,Negative,Rational,Character,Suction,Season,0.014888858
Instagram,Negative,Emotional,Ordinary,Suction,Season,0.017024266
Instagram,Positive,Rational,Ordinary,Suction,Season,0.022833478
Instagram,Positive,Rational,Character,Procedure,Season,0.021795869
Instagram,Positive,Rational,Ordinary,Procedure,Season,0.028085751
Instagram,Negative,Emotional,Character,Procedure,Season,0.015938658
Facebook,Positive,Emotional,Ordinary,Procedure,Season,0.012331407
Instagram,Negative,Emotional,Character,Procedure,Season,0.011598348
Facebook,Negative,Emotional,Character,Procedure,Season,0.011504693
Instagram,Positive,Emotional,Ordinary,Procedure,Season,0.023316062
Facebook,Positive,Emotional,Ordinary,Procedure,Season,0.017502685
Instagram,Positive,Emotional,Ordinary,Procedure,Season,0.015652624
Instagram,Positive,Rational,Ordinary,Procedure,Season,0.015792442
Facebook,Positive,Rational,Ordinary,Procedure,Season,0.008982763
Instagram,Positive,Rational,Ordinary,Procedure,Season,0.017797179
Facebook,Positive,Rational,Ordinary,Procedure,Season,0.007440872
Facebook,Positive,Rational,Ordinary,Procedure,Season,0.004464286
Instagram,Positive,Rational,Ordinary,Procedure,Season,0.017714286
Instagram,Positive,Rational,Ordinary,Procedure,Season,0.007242878
Facebook,Positive,Rational,Ordinary,Procedure,Season,0.015803733
Instagram,Positive,Rational,Ordinary,Procedure,Season,0.024601064
Instagram,Positive,Rational,Ordinary,Procedure,Season,0.010118392
Instagram,Positive,Emotional,Ordinary,Suction,Season,0.018798473
Facebook,Positive,Emotional,Ordinary,Suction,Season,0.046226301
Instagram,Positive,Emotional,Ordinary,Suction,Season,0.025133332
Facebook,Positive,Emotional,Ordinary,Suction,Season,0.05341602
Instagram,Positive,Emotional,Ordinary,Suction,Season,0.042090795
Facebook,Negative,Emotional,Character,Procedure,Season,0.014776942
Instagram,Negative,Emotional,Character,Procedure,Season,0.028884923
Facebook,Negative,Emotional,Character,Procedure,Season,0.009117155
Instagram,Negative,Emotional,Character,Procedure,Season,0.018255275
Facebook,Positive,Rational,Ordinary,Procedure,Season,0.013733184
Instagram,Positive,Rational,Ordinary,Procedure,Season,0.030527564
Facebook,Positive,Emotional,Character,Procedure,Season,0.002029084
Instagram,Positive,Emotional,Character,Procedure,Season,0.010880829
Instagram,Positive,Emotional,Ordinary,Suction,Season,0.027473345
Facebook,Positive,Emotional,Ordinary,Suction,Season,0.018289941
Instagram,Positive,Emotional,Ordinary,Suction,Season,0.029460288
Facebook,Positive,Emotional,Ordinary,Suction,Season,0.012400097
Instagram,Positive,Emotional,Ordinary,Suction,Season,0.018167056
Instagram,Negative,Emotional,Character,Suction,Season,0.012563486
Instagram,Positive,Rational,Ordinary,Suction,Season,0.007947277
Instagram,Negative,Rational,Character,Suction,Season,0.014639278
Instagram,Negative,Emotional,Ordinary,Suction,Season,0.014716439
Instagram,Positive,Rational,Ordinary,Suction,Season,0.022773623
Kakao,Positive,Rational,Ordinary,Suction,Non-Season,0.014016508
Kakao,Negative,Emotional,Character,Suction,Non-Season,0.008304021
Kakao,Negative,Emotional,Ordinary,Suction,Non-Season,0.005970545
Kakao,Positive,Rational,Ordinary,Suction,Non-Season,0.006294153
Kakao,Positive,Rational,Ordinary,Suction,Non-Season,0.006052977
Kakao,Positive,Emotional,Character,Procedure,Non-Season,0.038158209
Kakao,Positive,Emotional,Profession,Suction,Non-Season,0.002749791
Kakao,Positive,Emotional,Ordinary,Suction,Non-Season,0.024075302
Kakao,Positive,Rational,Ordinary,Suction,Non-Season,0.00924747
Kakao,Positive,Rational,Ordinary,Procedure,Season,0.03007099
Kakao,Positive,Rational,Ordinary,Suction,Season,0.031425692
Kakao,Positive,Emotional,Ordinary,Suction,Season,0.009318897
Kakao,Positive,Emotional,Ordinary,Suction,Season,0.042458488
Kakao,Positive,Emotional,Ordinary,Suction,Season,0.043240212
Kakao,Positive,Emotional,Ordinary,Suction,Season,0.007798491
Kakao,Positive,Emotional,Ordinary,Procedure,Season,0.014572102
Kakao,Positive,Emotional,Character,Procedure,Season,0.019428634
Kakao,Positive,Rational,Ordinary,Suction,Season,0.011422355
Kakao,Positive,Rational,Ordinary,Suction,Season,0.024147172
Kakao,Positive,Rational,Ordinary,Procedure,Season,0.012959499
Kakao,Positive,Emotional,Ordinary,Procedure,Season,0.047946363
Kakao,Negative,Emotional,Character,Procedure,Non-Season,0.032068155
Kakao,Positive,Rational,Ordinary,Procedure,Non-Season,0.008417423
Kakao,Positive,Emotional,Character,Procedure,Non-Season,0.048275666
Kakao,Positive,Rational,Ordinary,Suction,Non-Season,0.016154536
Kakao,Positive,Emotional,Ordinary,Suction,Non-Season,0.029070592
Kakao,Positive,Rational,Ordinary,Suction,Non-Season,0.009666248
Kakao,Positive,Emotional,Character,Procedure,Non-Season,0.038208955
Kakao,Positive,Rational,Character,Procedure,Non-Season,0.009812035
Kakao,Positive,Emotional,Character,Procedure,Non-Season,0.070484332
Kakao,Positive,Rational,Character,Suction,Season,0.012952511
Kakao,Positive,Emotional,Profession,Procedure,Season,0.04274878
Kakao,Negative,Emotional,Character,Suction,Season,0.051452353
Kakao,Positive,Emotional,Ordinary,Procedure,Season,0.013290954
Kakao,Positive,Rational,Character,Procedure,Season,0.033859659
Kakao,Positive,Rational,Ordinary,Suction,Season,0.021170225
Kakao,Positive,Emotional,Character,Suction,Season,0.049266879
Kakao,Positive,Emotional,Character,Suction,Season,0.010184247
Kakao,Positive,Rational,Character,Procedure,Season,0.051096156
Kakao,Positive,Emotional,Ordinary,Suction,Season,0.005415313
Kakao,Positive,Rational,Ordinary,Suction,Season,0.042737276
Kakao,Positive,Emotional,Ordinary,Suction,Season,0.01534667
Kakao,Positive,Emotional,Ordinary,Procedure,Season,0.059251681
Kakao,Positive,Emotional,Ordinary,Procedure,Season,0.023188432
Kakao,Negative,Emotional,Character,Suction,Non-Season,0.010447453
Kakao,Positive,Emotional,Character,Suction,Non-Season,0.057602124
Kakao,Positive,Rational,Ordinary,Suction,Non-Season,0.012729111
Kakao,Positive,Emotional,Character,Suction,Non-Season,0.037756458
Kakao,Positive,Emotional,Character,Suction,Non-Season,0.014186145
Kakao,Positive,Emotional,Character,Suction,Non-Season,0.028174393
Kakao,Positive,Emotional,Character,Procedure,Non-Season,0.008271004
Kakao,Positive,Emotional,Ordinary,Suction,Non-Season,0.029163739
Kakao,Positive,Emotional,Character,Suction,Non-Season,0.013484906
Kakao,Positive,Emotional,Ordinary,Suction,Season,0.016721725
Kakao,Positive,Emotional,Ordinary,Suction,Season,0.074582234
Kakao,Positive,Emotional,Ordinary,Procedure,Season,0.0227513
Kakao,Positive,Emotional,Ordinary,Suction,Season,0.069334506
Kakao,Positive,Emotional,Ordinary,Suction,Season,0.011609481
Kakao,Positive,Emotional,Character,Suction,Season,0.065314985
Kakao,Positive,Emotional,Character,Suction,Season,0.007838635
Kakao,Positive,Emotional,Ordinary,Procedure,Season,0.063429138
Kakao,Positive,Emotional,Ordinary,Suction,Season,0.014076851
Kakao,Positive,Emotional,Ordinary,Suction,Season,0.062261678
Kakao,Negative,Rational,Character,Procedure,Season,0.012121896
Kakao,Positive,Emotional,Character,Suction,Season,0.074050431
Kakao,Positive,Emotional,Ordinary,Procedure,Season,0.011694569
Kakao,Positive,Rational,Character,Suction,Non-Season,0.022607656
Kakao,Positive,Emotional,Ordinary,Suction,Non-Season,0.015266814
Kakao,Positive,Emotional,Character,Suction,Non-Season,0.035225984
Kakao,Positive,Rational,Ordinary,Suction,Non-Season,0.076832968
Kakao,Positive,Emotional,Ordinary,Suction,Non-Season,0.048162268
Kakao,Negative,Emotional,Character,Suction,Non-Season,0.017392781
Kakao,Positive,Emotional,Ordinary,Suction,Non-Season,0.006157504
Kakao,Negative,Emotional,Ordinary,Suction,Season,0.049603175
Kakao,Positive,Rational,Ordinary,Procedure,Season,0.023218399
Kakao,Positive,Emotional,Character,Suction,Season,0.031062064
Kakao,Positive,Rational,Character,Suction,Season,0.014060797
Kakao,Positive,Emotional,Ordinary,Suction,Season,0.064342515
Kakao,Negative,Emotional,Character,Suction,Season,0.020021871
Kakao,Positive,Rational,Ordinary,Procedure,Season,0.014874449
Kakao,Positive,Emotional,Character,Suction,Season,0.083274263
Kakao,Positive,Emotional,Ordinary,Procedure,Season,0.019050086
Kakao,Negative,Emotional,Ordinary,Procedure,Season,0.082706305
Kakao,Positive,Emotional,Ordinary,Procedure,Season,0.023783406
Kakao,Positive,Rational,Character,Suction,Season,0.096603205
Kakao,Positive,Emotional,Character,Suction,Season,0.018276339
Kakao,Positive,Emotional,Character,Suction,Season,0.012067281
Kakao,Positive,Rational,Ordinary,Procedure,Season,0.043011795
Kakao,Negative,Emotional,Ordinary,Procedure,Non-Season,0.018425426
Kakao,Negative,Emotional,Character,Procedure,Non-Season,0.035155239
Kakao,Positive,Emotional,Ordinary,Procedure,Non-Season,0.022563594
Kakao,Negative,Emotional,Character,Suction,Non-Season,0.023889463
Kakao,Negative,Emotional,Character,Procedure,Non-Season,0.020593368
Kakao,Positive,Emotional,Ordinary,Procedure,Non-Season,0.04013732
Kakao,Positive,Emotional,Ordinary,Suction,Non-Season,0.015272074
Kakao,Positive,Emotional,Ordinary,Procedure,Non-Season,0.015155329
Kakao,Negative,Emotional,Ordinary,Procedure,Non-Season,0.047327324
Kakao,Positive,Emotional,Character,Procedure,Non-Season,0.017672684
Kakao,Positive,Emotional,Ordinary,Procedure,Season,0.072166892
Kakao,Positive,Emotional,Ordinary,Procedure,Season,0.024499283
Kakao,Negative,Emotional,Ordinary,Procedure,Season,0.05722224
Kakao,Positive,Rational,Ordinary,Procedure,Season,0.026637828
Kakao,Negative,Emotional,Character,Procedure,Season,0.078555495
Kakao,Negative,Emotional,Ordinary,Procedure,Season,0.028028529
Kakao,Positive,Emotional,Ordinary,Procedure,Season,0.079675634
Kakao,Negative,Emotional,Ordinary,Procedure,Season,0.032743504
Kakao,Positive,Emotional,Ordinary,Procedure,Season,0.067435642
Kakao,Positive,Rational,Ordinary,Procedure,Season,0.030277198
Kakao,Negative,Emotional,Ordinary,Procedure,Season,0.088425189
Kakao,Positive,Rational,Ordinary,Procedure,Season,0.018773631
Kakao,Positive,Rational,Character,Procedure,Season,0.090515043
Kakao,Positive,Rational,Character,Procedure,Season,0.024492109
Kakao,Positive,Rational,Character,Suction,Season,0.169322459
Kakao,Positive,Emotional,Ordinary,Procedure,Season,0.02391418
Kakao,Positive,Emotional,Ordinary,Procedure,Non-Season,0.067165829
Kakao,Positive,Emotional,Ordinary,Procedure,Non-Season,0.01893335
Kakao,Negative,Emotional,Ordinary,Procedure,Non-Season,0.087871212
Kakao,Positive,Emotional,Ordinary,Procedure,Non-Season,0.019417316
Kakao,Positive,Emotional,Character,Procedure,Non-Season,0.021635372
Kakao,Positive,Rational,Ordinary,Procedure,Non-Season,0.02212269
Kakao,Negative,Emotional,Ordinary,Procedure,Non-Season,0.00874735
Kakao,Positive,Rational,Ordinary,Procedure,Season,0.030135581
Kakao,Positive,Emotional,Character,Procedure,Season,0.008836323
Kakao,Positive,Emotional,Character,Procedure,Season,0.011009739
Kakao,Negative,Emotional,Ordinary,Procedure,Non-Season,0.039600873
Kakao,Positive,Rational,Character,Procedure,Non-Season,0.038661369
Kakao,Positive,Emotional,Ordinary,Procedure,Season,0.067377995
Kakao,Positive,Emotional,Ordinary,Procedure,Season,0.096487939
Kakao,Positive,Rational,Ordinary,Procedure,Season,0.115330704
Kakao,Positive,Emotional,Ordinary,Procedure,Season,0.061432096
Kakao,Negative,Rational,Character,Procedure,Non-Season,0.089583523
Kakao,Positive,Emotional,Ordinary,Procedure,Non-Season,0.121543886
Kakao,Positive,Emotional,Character,Procedure,Non-Season,0.036271208
Kakao,Negative,Emotional,Ordinary,Suction,Season,0.052890064
Kakao,Positive,Emotional,Ordinary,Suction,Season,0.064431047
Kakao,Negative,Emotional,Character,Suction,Non-Season,0.023328149
Kakao,Positive,Emotional,Ordinary,Procedure,Non-Season,0.02962678
Kakao,Positive,Rational,Profession,Suction,Season,0.033221351
Kakao,Positive,Emotional,Profession,Suction,Season,0.052769461
Kakao,Negative,Emotional,Ordinary,Suction,Season,0.031037093
Kakao,Positive,Emotional,Profession,Suction,Non-Season,0.083900227
Kakao,Positive,Emotional,Ordinary,Suction,Non-Season,0.050538833
Kakao,Positive,Emotional,Profession,Suction,Season,0.068045113
Kakao,Positive,Emotional,Profession,Suction,Season,0.07899663
Kakao,Negative,Emotional,Ordinary,Suction,Season,0.057909056
Kakao,Positive,Rational,Character,Suction,Season,0.084285714
Kakao,Negative,Emotional,Ordinary,Suction,Season,0.072283151
Kakao,Positive,Rational,Character,Suction,Season,0.089168766
Kakao,Negative,Emotional,Profession,Suction,Season,0.115346038
Kakao,Negative,Emotional,Ordinary,Suction,Season,0.035240041
Kakao,Positive,Emotional,Ordinary,Suction,Non-Season,0.036261491
Kakao,Positive,Emotional,Character,Suction,Non-Season,0.081490105
Kakao,Positive,Emotional,Ordinary,Suction,Non-Season,0.070878274
Kakao,Positive,Emotional,Ordinary,Procedure,Season,0.074697528
Kakao,Positive,Rational,Character,Procedure,Season,0.132275132
Kakao,Positive,Emotional,Ordinary,Suction,Season,0.112565445
Kakao,Positive,Emotional,Ordinary,Suction,Season,0.093264249
Kakao,Positive,Emotional,Ordinary,Suction,Season,0.081165453
Kakao,Positive,Rational,Ordinary,Suction,Season,0.14715948
Kakao,Positive,Rational,Ordinary,Suction,Season,0.092962641
Kakao,Negative,Emotional,Character,Procedure,Non-Season,0.096975089
YouTube,Negative,Rational,Character,Suction,Season,0.1806
YouTube,Positive,Emotional,Character,Suction,Season,0.0378
YouTube,Positive,Emotional,Character,Suction,Season,0.031
YouTube,Negative,Emotional,Character,Suction,Season,0.0282
YouTube,Negative,Emotional,Character,Suction,Season,0.0887
YouTube,Positive,Emotional,Profession,Suction,Season,0.0197
YouTube,Positive,Emotional,Character,Suction,Season,0.0331
YouTube,Positive,Emotional,Profession,Suction,Season,0.0195
YouTube,Positive,Emotional,Character,Suction,Non-Season,0.0775
YouTube,Positive,Emotional,Ordinary,Suction,Season,0.0315
YouTube,Positive,Emotional,Character,Suction,Season,0.0444
YouTube,Positive,Rational,Profession,Suction,Non-Season,0.0211
YouTube,Negative,Emotional,Character,Suction,Season,0.0505
YouTube,Positive,Rational,Profession,Suction,Season,0.0223
YouTube,Positive,Emotional,Ordinary,Procedure,Non-Season,0.0569
YouTube,Positive,Emotional,Profession,Suction,Non-Season,0.0113
YouTube,Negative,Emotional,Ordinary,Suction,Non-Season,0.0103
YouTube,Positive,Rational,Profession,Procedure,Non-Season,0.0438
YouTube,Negative,Rational,Profession,Suction,Season,0.0093
YouTube,Positive,Emotional,Ordinary,Suction,Season,0.0596
YouTube,Positive,Rational,Profession,Procedure,Season,0.0207
YouTube,Positive,Emotional,Character,Suction,Non-Season,0.039
YouTube,Positive,Emotional,Character,Suction,Non-Season,0.0421
YouTube,Positive,Emotional,Character,Suction,Season,0.0288
YouTube,Negative,Emotional,Character,Suction,Non-Season,0.0528
YouTube,Positive,Rational,Profession,Procedure,Non-Season,0.0325
YouTube,Positive,Emotional,Character,Suction,Season,0.0487
YouTube,Positive,Rational,Profession,Procedure,Non-Season,0.0362
YouTube,Positive,Rational,Ordinary,Suction,Season,0.0316
YouTube,Positive,Emotional,Ordinary,Suction,Non-Season,0.0072
YouTube,Negative,Emotional,Ordinary,Suction,Season,0.0201
YouTube,Positive,Rational,Character,Suction,Non-Season,0.0509
YouTube,Positive,Rational,Character,Suction,Non-Season,0.0513
YouTube,Positive,Emotional,Profession,Suction,Season,0.0252
YouTube,Negative,Emotional,Ordinary,Procedure,Non-Season,0.0151
YouTube,Negative,Rational,Profession,Procedure,Non-Season,0.0243
YouTube,Negative,Emotional,Ordinary,Suction,Non-Season,0.0336
YouTube,Negative,Emotional,Character,Suction,Season,0.0598
YouTube,Positive,Emotional,Character,Procedure,Season,0.0625
YouTube,Positive,Rational,Profession,Suction,Season,0.0895
YouTube,Positive,Rational,Profession,Suction,Season,0.0204
YouTube,Positive,Rational,Ordinary,Suction,Non-Season,0.0161
YouTube,Positive,Rational,Ordinary,Procedure,Season,0.0301
YouTube,Negative,Emotional,Character,Procedure,Non-Season,0.0376
YouTube,Negative,Emotional,Ordinary,Procedure,Non-Season,0.0133
YouTube,Positive,Rational,Profession,Suction,Season,0.027
YouTube,Positive,Emotional,Character,Procedure,Season,0.0404
YouTube,Positive,Emotional,Ordinary,Procedure,Season,0.0176
YouTube,Positive,Rational,Profession,Procedure,Non-Season,0.0708
YouTube,Positive,Emotional,Ordinary,Procedure,Non-Season,0.0214
YouTube,Positive,Rational,Ordinary,Suction,Season,0.0157
YouTube,Positive,Rational,Ordinary,Procedure,Season,0.0102
YouTube,Positive,Rational,Profession,Suction,Season,0.115
YouTube,Positive,Rational,Character,Suction,Season,0.0893
YouTube,Negative,Emotional,Character,Procedure,Season,0.0273
YouTube,Positive,Emotional,Character,Procedure,Season,0.051
YouTube,Positive,Emotional,Character,Suction,Season,0.0746
YouTube,Positive,Rational,Character,Suction,Season,0.0709
YouTube,Negative,Rational,Profession,Procedure,Season,0.0298
YouTube,Positive,Emotional,Character,Procedure,Season,0.034
YouTube,Positive,Rational,Character,Suction,Season,0.0555
YouTube,Positive,Emotional,Character,Procedure,Non-Season,0.0789
YouTube,Positive,Emotional,Ordinary,Procedure,Season,0.0115
YouTube,Positive,Rational,Ordinary,Procedure,Non-Season,0.0406
YouTube,Positive,Emotional,Character,Suction,Season,0.0685
YouTube,Negative,Emotional,Character,Suction,Season,0.0465
YouTube,Negative,Emotional,Ordinary,Procedure,Season,0.0174
YouTube,Positive,Rational,Character,Suction,Season,0.0652
YouTube,Positive,Emotional,Character,Suction,Season,0.0747
YouTube,Positive,Emotional,Character,Procedure,Non-Season,0.0386
YouTube,Negative,Emotional,Ordinary,Procedure,Season,0.0109
YouTube,Negative,Emotional,Character,Procedure,Season,0.0483
YouTube,Negative,Rational,Profession,Procedure,Non-Season,0.0494
YouTube,Positive,Emotional,Character,Procedure,Season,0.0551
YouTube,Negative,Emotional,Character,Suction,Season,0.0458
YouTube,Positive,Rational,Profession,Suction,Non-Season,0.0515
YouTube,Positive,Emotional,Character,Suction,Season,0.0254
YouTube,Positive,Rational,Character,Procedure,Season,0.0577
YouTube,Positive,Emotional,Ordinary,Procedure,Season,0.0491
YouTube,Positive,Emotional,Profession,Procedure,Season,0.0201
YouTube,Positive,Emotional,Character,Procedure,Season,0.0382
YouTube,Positive,Emotional,Ordinary,Procedure,Season,0.0429
YouTube,Negative,Emotional,Character,Procedure,Season,0.0431
YouTube,Positive,Emotional,Character,Procedure,Non-Season,0.0595
YouTube,Positive,Emotional,Profession,Suction,Non-Season,0.0274
YouTube,Negative,Rational,Profession,Suction,Season,0.0496
YouTube,Negative,Emotional,Character,Procedure,Season,0.0396
YouTube,Positive,Emotional,Ordinary,Suction,Season,0.0157
YouTube,Negative,Rational,Profession,Suction,Non-Season,0.0241
YouTube,Negative,Emotional,Ordinary,Procedure,Season,0.0132
YouTube,Negative,Emotional,Ordinary,Suction,Season,0.0133
YouTube,Positive,Emotional,Ordinary,Suction,Season,0.0247
YouTube,Negative,Rational,Profession,Suction,Non-Season,0.0158
YouTube,Positive,Emotional,Character,Procedure,Non-Season,0.0283
YouTube,Positive,Emotional,Ordinary,Procedure,Season,0.0303
YouTube,Negative,Emotional,Character,Suction,Season,0.0537
YouTube,Positive,Emotional,Character,Procedure,Season,0.0709
YouTube,Positive,Emotional,Character,Procedure,Season,0.0444
YouTube,Positive,Rational,Ordinary,Suction,Non-Season,0.0203
YouTube,Positive,Rational,Character,Suction,Non-Season,0.0768
YouTube,Positive,Rational,Profession,Suction,Season,0.0232
YouTube,Positive,Emotional,Profession,Procedure,Season,0.011
YouTube,Positive,Emotional,Ordinary,Suction,Season,0.0153
YouTube,Positive,Emotional,Character,Procedure,Season,0.0239
YouTube,Positive,Rational,Ordinary,Suction,Season,0.0656
YouTube,Positive,Emotional,Ordinary,Suction,Season,0.0365
YouTube,Negative,Rational,Profession,Suction,Season,0.0227
YouTube,Positive,Rational,Profession,Suction,Non-Season,0.0386
YouTube,Positive,Rational,Profession,Suction,Non-Season,0.0133
YouTube,Positive,Rational,Profession,Suction,Non-Season,0.0226
YouTube,Positive,Rational,Ordinary,Procedure,Season,0.0704
YouTube,Positive,Rational,Ordinary,Procedure,Non-Season,0.0342
YouTube,Positive,Emotional,Character,Procedure,Season,0.0227
YouTube,Negative,Rational,Character,Suction,Season,0.0381
YouTube,Positive,Emotional,Character,Suction,Season,0.1184
YouTube,Positive,Emotional,Profession,Suction,Season,0.02
YouTube,Positive,Emotional,Character,Suction,Season,0.0476
YouTube,Positive,Rational,Profession,Suction,Season,0.0498
YouTube,Positive,Emotional,Ordinary,Procedure,Season,0.0136
YouTube,Negative,Rational,Profession,Suction,Non-Season,0.0144
YouTube,Positive,Rational,Profession,Suction,Season,0.017
YouTube,Positive,Emotional,Ordinary,Suction,Non-Season,0.0077
YouTube,Positive,Rational,Profession,Suction,Season,0.0115
YouTube,Positive,Rational,Ordinary,Suction,Season,0.0098
YouTube,Positive,Rational,Profession,Suction,Season,0.0399
YouTube,Positive,Rational,Character,Suction,Season,0.0545
YouTube,Negative,Emotional,Ordinary,Procedure,Non-Season,0.022
YouTube,Positive,Rational,Profession,Suction,Non-Season,0.0122
YouTube,Positive,Rational,Profession,Suction,Season,0.0123
YouTube,Negative,Emotional,Ordinary,Procedure,Non-Season,0.0264
YouTube,Positive,Emotional,Profession,Suction,Season,0.0201
YouTube,Positive,Rational,Profession,Suction,Non-Season,0.0125
YouTube,Positive,Emotional,Character,Suction,Season,0.0244
YouTube,Positive,Emotional,Ordinary,Procedure,Season,0.0062
YouTube,Positive,Rational,Ordinary,Procedure,Season,0.0524
YouTube,Positive,Rational,Profession,Suction,Non-Season,0.0246
YouTube,Positive,Rational,Character,Suction,Season,0.028
YouTube,Positive,Rational,Profession,Suction,Season,0.0381
YouTube,Positive,Emotional,Ordinary,Procedure,Season,0.0259
YouTube,Positive,Emotional,Character,Suction,Season,0.0662
YouTube,Positive,Rational,Character,Suction,Season,0.0724
YouTube,Positive,Rational,Profession,Suction,Season,0.0409
YouTube,Positive,Emotional,Profession,Suction,Season,0.0214
YouTube,Positive,Emotional,Ordinary,Procedure,Season,0.0097
YouTube,Negative,Emotional,Ordinary,Procedure,Season,0.0198
YouTube,Positive,Emotional,Profession,Suction,Season,0.0124
YouTube,Positive,Rational,Profession,Suction,Non-Season,0.039
YouTube,Negative,Emotional,Character,Suction,Season,0.036
YouTube,Positive,Emotional,Character,Suction,Non-Season,0.0231
YouTube,Negative,Emotional,Ordinary,Suction,Non-Season,0.0135
YouTube,Positive,Rational,Profession,Suction,Non-Season,0.0121
YouTube,Positive,Rational,Profession,Procedure,Non-Season,0.0129
YouTube,Positive,Rational,Profession,Suction,Season,0.0132
YouTube,Positive,Rational,Profession,Procedure,Season,0.0139
YouTube,Positive,Rational,Profession,Suction,Non-Season,0.025
YouTube,Positive,Emotional,Profession,Procedure,Season,0.0124
YouTube,Negative,Emotional,Profession,Suction,Season,0.0129
YouTube,Negative,Emotional,Ordinary,Procedure,Season,0.0199
YouTube,Positive,Rational,Profession,Suction,Non-Season,0.0124
YouTube,Positive,Emotional,Profession,Suction,Season,0.0295
YouTube,Positive,Rational,Character,Suction,Season,0.0197
YouTube,Positive,Emotional,Ordinary,Procedure,Season,0.0156
YouTube,Positive,Emotional,Ordinary,Suction,Season,0.0315
YouTube,Positive,Emotional,Character,Suction,Season,0.0261
YouTube,Positive,Rational,Profession,Suction,Non-Season,0.0265
YouTube,Positive,Rational,Profession,Suction,Non-Season,0.0151
YouTube,Positive,Emotional,Profession,Suction,Non-Season,0.0235
YouTube,Positive,Rational,Ordinary,Suction,Non-Season,0.0435
YouTube,Positive,Rational,Character,Suction,Season,0.0243
YouTube,Positive,Emotional,Ordinary,Procedure,Non-Season,0.0172
YouTube,Positive,Rational,Profession,Suction,Non-Season,0.0107
YouTube,Positive,Emotional,Profession,Suction,Season,0.0125
YouTube,Positive,Rational,Profession,Procedure,Season,0.0263
YouTube,Positive,Emotional,Character,Suction,Non-Season,0.0284
YouTube,Positive,Rational,Profession,Suction,Season,0.0247
YouTube,Negative,Rational,Character,Suction,Non-Season,0.025
YouTube,Positive,Rational,Profession,Suction,Season,0.0157
YouTube,Positive,Emotional,Character,Suction,Season,0.0363
YouTube,Positive,Emotional,Ordinary,Suction,Season,0.0169
YouTube,Positive,Emotional,Ordinary,Suction,Season,0.0121
YouTube,Positive,Rational,Profession,Suction,Season,0.031
YouTube,Positive,Emotional,Ordinary,Suction,Non-Season,0.0062
YouTube,Positive,Rational,Profession,Suction,Non-Season,0.0188
YouTube,Positive,Emotional,Profession,Suction,Non-Season,0.0143
YouTube,Positive,Emotional,Profession,Procedure,Season,0.0252
YouTube,Positive,Rational,Profession,Procedure,Season,0.0281
YouTube,Negative,Rational,Profession,Procedure,Non-Season,0.0047
YouTube,Positive,Emotional,Ordinary,Suction,Non-Season,0.0204
YouTube,Positive,Emotional,Ordinary,Procedure,Season,0.0098
YouTube,Positive,Rational,Profession,Procedure,Non-Season,0.0355
YouTube,Positive,Emotional,Character,Suction,Season,0.0339
YouTube,Positive,Rational,Ordinary,Suction,Season,0.0201
YouTube,Positive,Rational,Profession,Suction,Season,0.0146
YouTube,Positive,Emotional,Ordinary,Procedure,Season,0.0161
YouTube,Positive,Emotional,Profession,Procedure,Non-Season,0.0129
YouTube,Positive,Rational,Ordinary,Suction,Season,0.0308
YouTube,Negative,Rational,Profession,Procedure,Season,0.0083
YouTube,Positive,Emotional,Profession,Suction,Season,0.0148
YouTube,Positive,Rational,Profession,Procedure,Season,0.0106
YouTube,Negative,Emotional,Profession,Suction,Season,0.0207
YouTube,Positive,Rational,Profession,Procedure,Season,0.0194
YouTube,Positive,Rational,Profession,Suction,Non-Season,0.0146
YouTube,Positive,Emotional,Profession,Suction,Season,0.0129
YouTube,Positive,Emotional,Profession,Suction,Season,0.0201
YouTube,Positive,Emotional,Character,Suction,Non-Season,0.0159
YouTube,Positive,Emotional,Character,Suction,Non-Season,0.0264
YouTube,Positive,Rational,Ordinary,Suction,Non-Season,0.0125
YouTube,Negative,Rational,Profession,Procedure,Non-Season,0.0063
YouTube,Positive,Emotional,Ordinary,Suction,Non-Season,0.0116
YouTube,Negative,Rational,Profession,Procedure,Non-Season,0.0047
YouTube,Positive,Emotional,Character,Suction,Season,0.054
YouTube,Negative,Emotional,Profession,Suction,Non-Season,0.0194
YouTube,Positive,Rational,Character,Procedure,Non-Season,0.0104
YouTube,Positive,Emotional,Ordinary,Procedure,Season,0.0059
YouTube,Positive,Rational,Profession,Procedure,Non-Season,0.0091
YouTube,Positive,Rational,Profession,Suction,Season,0.0688
YouTube,Positive,Rational,Profession,Suction,Season,0.0271
YouTube,Positive,Rational,Profession,Procedure,Season,0.0163
YouTube,Negative,Emotional,Ordinary,Suction,Season,0.01
YouTube,Positive,Rational,Character,Suction,Non-Season,0.0218
YouTube,Positive,Rational,Profession,Suction,Season,0.0118
YouTube,Positive,Rational,Profession,Suction,Season,0.0323
YouTube,Positive,Rational,Profession,Procedure,Season,0.0138
YouTube,Positive,Rational,Profession,Suction,Non-Season,0.0138
YouTube,Negative,Rational,Profession,Procedure,Season,0.0067
YouTube,Positive,Rational,Ordinary,Suction,Season,0.0298
YouTube,Negative,Rational,Profession,Suction,Season,0.0245
YouTube,Positive,Rational,Profession,Suction,Non-Season,0.0117
YouTube,Positive,Rational,Profession,Procedure,Season,0.0104
YouTube,Positive,Emotional,Profession,Suction,Season,0.0041
YouTube,Positive,Emotional,Ordinary,Suction,Non-Season,0.0105
YouTube,Positive,Emotional,Ordinary,Suction,Season,0.0103
YouTube,Positive,Rational,Profession,Suction,Non-Season,0.0083
YouTube,Negative,Emotional,Profession,Procedure,Non-Season,0.0136
YouTube,Positive,Emotional,Profession,Suction,Season,0.0242
YouTube,Positive,Rational,Character,Suction,Non-Season,0.0178
YouTube,Positive,Rational,Ordinary,Suction,Season,0.0282
YouTube,Negative,Rational,Profession,Procedure,Non-Season,0.006
YouTube,Positive,Emotional,Character,Procedure,Season,0.0399
YouTube,Positive,Emotional,Ordinary,Suction,Season,0.0317
YouTube,Negative,Rational,Profession,Procedure,Season,0.0069
YouTube,Positive,Emotional,Ordinary,Suction,Non-Season,0.0203
YouTube,Positive,Emotional,Profession,Suction,Non-Season,0.0093
YouTube,Positive,Rational,Profession,Suction,Non-Season,0.0155
YouTube,Negative,Rational,Profession,Suction,Season,0.0354
YouTube,Positive,Emotional,Ordinary,Suction,Season,0.0084
YouTube,Positive,Rational,Profession,Suction,Season,0.0142
YouTube,Positive,Rational,Profession,Suction,Season,0.0203
YouTube,Negative,Rational,Profession,Procedure,Non-Season,0.0093
YouTube,Negative,Rational,Profession,Procedure,Non-Season,0.0148
YouTube,Positive,Rational,Profession,Suction,Season,0.0096
YouTube,Negative,Rational,Profession,Suction,Season,0.0125
YouTube,Negative,Emotional,Profession,Suction,Season,0.0093
YouTube,Positive,Emotional,Ordinary,Suction,Season,0.0122
YouTube,Positive,Emotional,Ordinary,Suction,Season,0.0124
YouTube,Positive,Rational,Ordinary,Suction,Season,0.0222
YouTube,Positive,Emotional,Ordinary,Procedure,Season,0.0063
YouTube,Positive,Rational,Ordinary,Suction,Season,0.0167
YouTube,Positive,Emotional,Profession,Suction,Non-Season,0.0151
YouTube,Positive,Emotional,Ordinary,Suction,Non-Season,0.018
YouTube,Positive,Emotional,Profession,Suction,Season,0.0125
YouTube,Negative,Emotional,Ordinary,Suction,Season,0.0139
YouTube,Positive,Emotional,Ordinary,Suction,Non-Season,0.0203
YouTube,Positive,Rational,Profession,Suction,Non-Season,0.0104
YouTube,Positive,Rational,Profession,Suction,Season,0.0195
YouTube,Positive,Rational,Profession,Suction,Non-Season,0.0146
YouTube,Positive,Emotional,Profession,Suction,Season,0.0194
YouTube,Positive,Emotional,Ordinary,Suction,Season,0.0206
YouTube,Positive,Emotional,Character,Suction,Non-Season,0.0204
YouTube,Positive,Rational,Profession,Suction,Season,0.0256
YouTube,Positive,Emotional,Ordinary,Suction,Non-Season,0.0097
YouTube,Positive,Emotional,Ordinary,Suction,Non-Season,0.0323
YouTube,Positive,Rational,Profession,Suction,Season,0.0116
YouTube,Positive,Rational,Profession,Suction,Non-Season,0.0174
YouTube,Positive,Rational,Profession,Suction,Season,0.0128
YouTube,Positive,Emotional,Character,Suction,Season,0.0351
YouTube,Negative,Emotional,Ordinary,Suction,Non-Season,0.0271
